"89023","constructive_carrot","57"
"29975","flexible_designer","3"
"28583","linear_fund","31"
"80548","popular_leaf","86"
"78551","steady_parent","33"
"41159","abstract_rest","41"
"12786","controversial_supply","15"
"227","fragrant_absorption","7"
"45370","lively_cassette","99"
"64503","powerful_destruction","96"
"9101","straight_fuss","81"
"4420","accessible_lecture","11"
"41811","cooperative_participant","20"
"23819","fresh_restriction","65"
"46226","loose_surgery","81"
"84564","pregnant_acceptance","65"
"30314","strong_cat","90"
"29523","addicted_deviation","76"
"5615","cruel_game","13"
"63911","full-time_legend","27"
"61468","loyal_party","78"
"65167","primary_retreat","94"
"83751","stupid_survivor","81"
"24594","aggressive_accumulation","38"
"68961","cute_cattle","22"
"37813","generous_dialogue","87"
"61261","major_garden","54"
"7935","professional_lemon","42"
"8382","sudden_passion","79"
"62489","alive_revival","71"
"37635","dead_sweet","36"
"32708","glad_acquisition","66"
"88626","mathematical_celebration","37"
"84370","proper_diet","45"
"2809","surprised_gear","65"
"472","ambitious_liability","50"
"11045","decorative_pasture","55"
"31964","grand_rhythm","23"
"91050","mechanical_syllable","51"
"85578","public_addition","34"
"39668","systematic_censorship","36"
"6502","anonymous_dimension","93"
"63416","democratic_gentleman","15"
"95256","green_lid","17"
"48544","middle-class_patience","38"
"72753","quiet_rider","57"
"46640","tasty_syndrome","2"
"86657","archaeological_admission","84"
"42174","difficult_ceremony","26"
"70074","hard_director","60"
"78016","minor_giant","79"
"43904","rational_lift","7"
"50721","tense_pause","38"
"9886","ashamed_ring","28"
"9149","dirty_tail","8"
"13598","heavy_advantage","21"
"98827","modest_chalk","98"
"57119","realistic_disagreement","73"
"97050","thirsty_glance","47"
"25674","attractive_limitation","53"
"89049","domestic_peanut","69"
"58192","hilarious_ritual","10"
"43115","moral_tape","72"
"94766","regular_adviser","60"
"78549","tired_chance","60"
"12722","aware_discount","42"
"78336","due_glory","9"
"80393","honest_lion","46"
"60191","musical_penalty","83"
"44416","reliable_robot","45"
"60741","traditional_taxi","7"
"63517","balanced_age","31"
"19676","early_chapter","0"
"14070","hot_disease","78"
"69150","native_goal","83"
"40364","residential_literacy","29"
"79720","true_pensioner","19"
"69202","beautiful_roof","43"
"18664","effective_tear","19"
"55853","ignorant_agony","38"
"66175","neutral_charity","97"
"78366","restricted_disorder","51"
"21235","unanimous_gold","91"
"7356","blank_loan","46"
"11790","eligible_performance","51"
"24530","implicit_rose","84"
"45540","noisy_telephone","55"
"72922","right_aids","77"
"3904","unemployed_chauvinist","4"
"6145","bold_distributor","94"
"94288","empty_gown","84"
"56795","inadequate_log","70"
"65229","obese_person","54"
"84662","round_routine","39"
"70075","uniform_temptation","91"
"65341","bureaucratic_aisle","23"
"67556","environmental_chemistry","71"
"96579","incredible_division","45"
"29302","occupational_grain","55"
"18915","safe_loss","4"
"50047","unlike_phenomenon","9"
"67232","cautious_ruin","64"
"41151","eternal_tent","45"
"56263","indoor_allocation","48"
"90063","old_chicken","67"
"18515","seasonal_dog","15"
"2523","useful_grant","14"
"4749","charismatic_loyalty","21"
"60902","exact_photography","32"
"18329","influential_rush","40"
"17975","optimistic_terrorist","78"
"12642","senior_aluminium","71"
"50314","vague_chimney","76"
"69225","chronic_domination","72"
"91749","exotic_gravel","3"
"58088","insufficient_machine","82"
"72097","organic_pie","3"
"98104","sexual_sailor","93"
"70617","varied_thanks","7"
"61460","clean_amendment","54"
"7455","experimental_chord","40"
"49156","interactive_double","23"
"89259","outer_grief","98"
"68286","shy_maid","90"
"64084","vicious_pigeon","64"
"83033","cold_salt","8"
"72528","extinct_theorist","49"
"2812","international_angel","99"
"61946","paralyzed_cinema","47"
"80787","skilled_draft","67"
"40729","visual_grounds","58"
"79155","commercial_makeup","64"
"92291","false_pin","36"
"13031","joint_sand","14"
"26102","passionate_thesis","19"
"75795","smart_ankle","3"
"51080","warm_citizen","96"
"56393","competent_drawing","63"
"46924","fast_guest","23"
"76358","kind_manner","42"
"95926","peaceful_pitch","30"
"31731","soft_sauce","41"
"36473","well_thread","4"
"82957","comprehensive_anticipation","69"
"98810","federal_clash","17"
"90631","latest_drill","31"
"86992","personal_guitar","77"
"93071","sound_manuscript","82"
"88629","wild_plan","38"
"11802","conservative_scene","97"
"21624","finished_thumb","5"
"87862","legislative_apparatus","35"
"20354","plain_clearance","46"
"80375","spontaneous_drop","23"
"20072","young_habitat","50"
"50112","constitutional_margin","4"
"46955","flawed_plastic","41"
"50308","limited_scholarship","53"
"57670","poor_tiger","89"
"68118","statistical_appetite","27"
"24275","absolute_clothes","79"
"98060","continuous_duration","74"
"84357","forward_hallway","4"
"26469","live_marriage","45"
"88870","possible_player","23"
"8576","still_score","50"
"89764","acceptable_tin","23"
"44910","cool_approval","37"
"16996","frequent_cluster","20"
"77699","long_ear","15"
"12779","predictable_hand","57"
"73188","strict_mass","95"
"12179","acute_poem","20"
"44778","crude_sculpture","100"
"75849","full_toast","32"
"27290","low_archive","86"
"14028","presidential_coast","63"
"82213","stunning_economics","72"
"13138","afraid_harvest","89"
"74366","current_matrix","65"
"70373","general_pole","97"
"19014","main_season","77"
"49661","productive_ton","20"
"72429","successful_arm","82"
"75942","alert_coin","16"
"81220","dark_education","68"
"64450","geological_headline","4"
"54988","married_maze","0"
"18318","prolonged_poll","57"
"6883","supplementary_secretary","15"
"99320","ambiguous_top","2"
"27769","decisive_art","85"
"64908","gradual_colleague","92"
"71546","meaningful_ego","56"
"61140","provincial_heat","21"
"40963","sympathetic_means","51"
"38755","annual_population","94"
"56441","delicate_seed","85"
"39526","great_tourism","40"
"71717","mental_aspect","71"
